"Reference","Qty","Value","Footprint","#","LCSC"
"C27","1","470pF","Capacitor_SMD:C_0805_2012Metric","1","C1743"
"C11,C13","2","1nF","Capacitor_SMD:C_0603_1608Metric","2","alr C100040"
"C42","1","2.2nF","Capacitor_SMD:C_0402_1005Metric","3","C1531"
"C14,C15,C16,C17,C18,C19,C20,C21,C28,C32,C33,C34,C35,C36,C37,C38,C43,C44,C45,C46","20","100nF","Capacitor_SMD:C_0603_1608Metric","4","alr C6119867"
"C39,C41","2","100nF","Capacitor_SMD:C_0805_2012Metric","5","alr C49678"
"C1,C40,C47","3","1uF","Capacitor_SMD:C_0603_1608Metric","6","C15849"
"L1","1","2.2uH","Library:L_Coilank_APS0730","7","C49261221"
"C29","1","4.7uF","Capacitor_SMD:C_0805_2012Metric","8","alr C98192"
"C2,C3,C4,C5,C6,C7,C8,C9,C10,C12","10","10uF","Capacitor_SMD:C_0603_1608Metric","9","alr C19702"
"C22,C23,C30","3","10uF","Capacitor_SMD:C_1210_3225Metric","10","alr C47117451"
"C24,C25,C26,C31","4","47uF","Capacitor_SMD:C_0805_2012Metric","11","alr C16780"
"R25,R26,R27,R28,R29,R30,R31,R32","8","50m","Resistor_SMD:R_0805_2012Metric","12","C42389461"
"R55","1","2R2","Resistor_SMD:R_0603_1608Metric","13","C2907006"
"R54","1","3R","Resistor_SMD:R_0805_2012Metric","14","C17660"
"D2","1","10V","Diode_SMD:D_SOD-123","15","alr C47117498"
"R1","1","1k","Resistor_SMD:R_2010_5025Metric","16","C2974087"
"R33","1","1k","Resistor_SMD:R_0603_1608Metric","17","alr C22548"
"R23,R24","2","4.7k","Resistor_SMD:R_0603_1608Metric","18","alr C99782"
"R2,R3,R4,R5,R7,R8,R10,R11,R13,R14,R16,R17,R18,R19,R20,R21,R22,R35,R38,R42,R43,R44,R45,R46,R47,R48,R49,R51,R52,R53,R57,R58,R59,R60,R61,R62","36","10k","Resistor_SMD:R_0603_1608Metric","19","alr C98220"
"R6,R9,R12,R15","4","13k","Resistor_SMD:R_0603_1608Metric","20","C54920854"
"R36","1","20k","Resistor_SMD:R_0603_1608Metric","21","C2907011"
"R39","1","36k","Resistor_SMD:R_0603_1608Metric","22","C54531400"
"R34,R37,R41","3","75k","Resistor_SMD:R_0603_1608Metric","23","alr C2907067"
"R56","1","100k","Resistor_SMD:R_0603_1608Metric","24","alr C14675"
"R40","1","240k","Resistor_SMD:R_0603_1608Metric","25","alr C4197"
"D1","1","1N4007WS","Diode_SMD:D_SOD-323","26","alr C7473299"
"U17,U18","2","74HC165","Package_SO:SOIC-16_3.9x9.9mm_P1.27mm","27","alr C5613"
"U19","1","74HC595","Package_SO:SOIC-16_3.9x9.9mm_P1.27mm","28","alr C5947"
"U5,U8,U11,U14","4","AP22652W6-7","Library:SOIC_52W6-7_DIO","29","alr C2158038"
"Q6","1","BC817","Package_TO_SOT_SMD:SOT-23","30","alr C39828"
"Q2,Q3,Q4,Q5","4","BC857","Package_TO_SOT_SMD:SOT-23","31","alr C111644"
"BZ1","1","Buzzer","Buzzer_Beeper:Buzzer_12x9.5RM7.6","32","alr - Any passive buzzer"
"U2","1","CH224K","Package_SO:SSOP-10-1EP_3.9x4.9mm_P1mm_EP2.1x3.3mm","33","alr C970725"
"J1_Control1,J1_Monitor1,J1_Prog1","3","Conn_01x03_Pin","Connector_PinHeader_2.54mm:PinHeader_1x03_P2.54mm_Vertical","34","x - Only holes"
"J1Fan1","1","Conn_01x04_Pin","Connector:FanPinHeader_1x04_P2.54mm_Vertical","35","alr C240840"
"J1Temp1","1","Conn_01x04_Pin","Connector_PinHeader_2.54mm:PinHeader_1x04_P2.54mm_Vertical","36","x - Only holes"
"U1","1","ESP32-C3-WROOM-02","RF_Module:ESP32-C3-WROOM-02","37","C2934560"
"U6,U7,U9,U10,U12,U13,U15,U16","8","INA226","Package_SO:VSSOP-10_3x3mm_P0.5mm","38","alr C49851"
"Q1","1","NDT452AP","Package_TO_SOT_SMD:SOT-223","39","alr C274614"
"U4","1","TPS548A20RVER","Library:RVE0028A","40","alr C468255"
"J1_MainPW1","1","USB_C_Receptacle_USB2.0_16P","Connector_USB:USB_C_Receptacle_GCT_USB4105-xx-A_16P_TopMnt_Horizontal","41","alr C5178539"
"J2,J3,J4,J5,J6,J7,J8,J9","8","USB_C_Receptacle_USB2.0_16P","Library:YTC-TC16S-128","42","alr C2927282"
"U3","1","XC6220B331MR","Package_TO_SOT_SMD:SOT-23-5","43","alr C86534"
